<keymap version="1" name="lumeng" parent="$default">
  <action id="EditorDeleteLine">
    <keyboard-shortcut first-keystroke="ctrl e" />
  </action>
  <action id="Find">
    <keyboard-shortcut first-keystroke="ctrl f" />
  </action>
  <action id="RecentFiles" />
  <action id="RenameElement">
    <keyboard-shortcut first-keystroke="ctrl r" />
  </action>
  <action id="Replace">
    <keyboard-shortcut first-keystroke="ctrl h" />
  </action>
  <action id="SelectIn">
    <keyboard-shortcut first-keystroke="shift ctrl 9" />
  </action>
  <action id="SwitcherIterateItems" />
  <action id="SwitcherRecentEditedChangedToggleCheckBox" />
  <action id="ToggleBookmark9" />
  <action id="TypeHierarchy" />
  <action id="TypeHierarchyBase.BaseOnThisType" />
  <action id="Vcs.ShowMessageHistory" />
</keymap>